Description,Feature_Type,Region,Sector
1,"Tesla Supercharger network revolutionizes North American technology sector with advanced charging infrastructure.",Features/Positive,North America,Technology
2,"ChargePoint develops innovative grid integration solutions for European renewable energy companies.",Features/Innovation,Europe,Energy
3,"Rivian introduces cost-effective charging networks transforming Asian automotive markets.",Pricing Discussion/Features,Asia,Automotive
4,"ABB creates comprehensive charging solutions for South American transportation logistics.",Features/Expansion,South America,Transportation
5,"NIO launches smart charging technologies in Chinese technology ecosystems.",Features/Technology,Asia,Technology
6,"Volkswagen develops sustainable charging networks for African emerging markets.",Features/Innovation,Africa,Logistics
7,"Siemens introduces advanced battery management systems for European electric bus fleets.",Features/Technology,Europe,Transportation
8,"Electrify America expands infrastructure supporting North American long-haul trucking routes.",Expansion/Features,North America,Logistics
9,"Shell Recharge develops cutting-edge charging solutions for technology startups.",Features/Innovation,North America,Technology
10,"CharIN establishes standardization protocols for South American automotive industries.",Security/Features,South America,Automotive
11,"Blink Network introduces revolutionary charging infrastructure for European transportation sectors.",Features/Technology,Europe,Transportation
12,"EVgo develops grid integration technologies for North American energy markets.",Features/Innovation,North America,Energy
13,"Tesla Supercharger creates advanced battery management solutions for Asian logistics.",Features/Technology,Asia,Logistics
14,"ChargePoint launches affordable charging networks in South American technology markets.",Pricing Discussion/Features,South America,Technology
15,"NIO develops comprehensive electric vehicle charging ecosystems in African emerging markets.",Features/Expansion,Africa,Automotive
16,"Volkswagen partners with regional providers to create sustainable charging solutions.",Features/Innovation,Europe,Energy
17,"Siemens introduces smart charging technologies for North American transportation systems.",Features/Technology,North America,Transportation
18,"Electrify America develops cost-effective charging infrastructure for Asian automotive industries.",Pricing Discussion/Features,Asia,Automotive
19,"ABB creates advanced grid integration solutions for South American energy sectors.",Features/Technology,South America,Energy
20,"Shell Recharge expands charging networks supporting European technology ecosystems.",Features/Expansion,Europe,Technology
21,"CharIN develops standardization protocols for North American electric vehicle markets.",Security/Features,North America,Automotive
22,"Blink Network introduces innovative charging solutions for African transportation logistics.",Features/Innovation,Africa,Transportation
23,"EVgo creates advanced battery management systems for Asian technology startups.",Features/Technology,Asia,Technology
24,"Tesla Supercharger launches comprehensive charging networks in South American markets.",Features/Expansion,South America,Logistics
25,"ChargePoint develops grid integration technologies for European energy sectors.",Features/Innovation,Europe,Energy
26,"Rivian introduces cost-effective charging infrastructure for North American automotive industries.",Pricing Discussion/Features,North America,Automotive
27,"NIO creates smart charging solutions for African technology ecosystems.",Features/Technology,Africa,Technology
28,"Volkswagen develops advanced charging networks for Asian transportation logistics.",Features/Innovation,Asia,Logistics
29,"Siemens introduces comprehensive battery management systems for South American electric bus fleets.",Features/Technology,South America,Transportation
30,"Electrify America expands charging infrastructure supporting European technology markets.",Features/Expansion,Europe,Technology
31,"Shell Recharge develops cutting-edge charging solutions for North American energy sectors.",Features/Innovation,North America,Energy
32,"CharIN establishes standardization protocols for Asian automotive industries.",Security/Features,Asia,Automotive
33,"Blink Network introduces revolutionary charging technologies for African transportation systems.",Features/Technology,Africa,Transportation
34,"EVgo creates advanced grid integration solutions for South American technology startups.",Features/Innovation,South America,Technology
35,"Tesla Supercharger launches affordable charging networks in European markets.",Pricing Discussion/Features,Europe,Logistics
36,"ChargePoint develops comprehensive charging ecosystems for North American automotive industries.",Features/Expansion,North America,Automotive
37,"NIO introduces smart battery management technologies for Asian energy sectors.",Features/Technology,Asia,Energy
38,"Volkswagen creates advanced charging infrastructure for South American transportation logistics.",Features/Innovation,South America,Transportation
39,"Siemens develops cost-effective charging solutions for African technology markets.",Pricing Discussion/Features,Africa,Technology
40,"Electrify America introduces comprehensive grid integration technologies for European electric vehicle networks.",Features/Technology,Europe,Automotive
41,"Shell Recharge expands charging networks supporting North American logistics sectors.",Features/Expansion,North America,Logistics
42,"CharIN develops standardization protocols for Asian energy ecosystems.",Security/Features,Asia,Energy
43,"Blink Network creates advanced charging solutions for South American technology startups.",Features/Innovation,South America,Technology
44,"EVgo introduces comprehensive battery management systems for African transportation industries.",Features/Technology,Africa,Transportation
45,"Tesla Supercharger develops grid integration technologies for European automotive markets.",Features/Innovation,Europe,Automotive
46,"ChargePoint launches cost-effective charging networks in North American energy sectors.",Pricing Discussion/Features,North America,Energy
47,"NIO creates advanced charging infrastructure for Asian transportation logistics.",Features/Technology,Asia,Logistics
48,"Volkswagen introduces smart battery management solutions for South American technology ecosystems.",Features/Technology,South America,Technology
49,"Siemens develops comprehensive charging networks for African automotive industries.",Features/Expansion,Africa,Automotive
50,"Electrify America creates innovative grid integration solutions for European transportation systems.",Features/Innovation,Europe,Transportation
51,"Shell Recharge expands charging technologies supporting North American energy markets.",Features/Expansion,North America,Energy
52,"CharIN introduces standardization protocols for Asian technology startups.",Security/Features,Asia,Technology
53,"Blink Network develops advanced charging infrastructure for South American logistics sectors.",Features/Technology,South America,Logistics
54,"EVgo creates comprehensive battery management technologies for African automotive industries.",Features/Innovation,Africa,Automotive
55,"Tesla Supercharger launches grid integration solutions for European technology ecosystems.",Features/Technology,Europe,Technology
56,"ChargePoint introduces cost-effective charging networks in North American transportation logistics.",Pricing Discussion/Features,North America,Transportation
57,"NIO develops advanced charging solutions for Asian energy sectors.",Features/Innovation,Asia,Energy
58,"Volkswagen creates comprehensive battery management infrastructure for South American automotive markets.",Features/Technology,South America,Automotive
59,"Siemens introduces smart charging technologies for African technology startups.",Features/Technology,Africa,Technology
60,"Electrify America expands grid integration networks supporting European logistics sectors.",Features/Expansion,Europe,Logistics
61,"Shell Recharge develops advanced charging solutions for North American automotive industries.",Features/Technology,North America,Automotive
62,"CharIN establishes standardization protocols for Asian transportation systems.",Security/Features,Asia,Transportation
63,"Blink Network introduces comprehensive charging technologies for South American energy markets.",Features/Innovation,South America,Energy
64,"EVgo creates advanced battery management solutions for African technology ecosystems.",Features/Technology,Africa,Technology
65,"Tesla Supercharger launches grid integration networks for European transportation logistics.",Features/Expansion,Europe,Logistics
66,"ChargePoint develops cost-effective charging infrastructure for North American energy sectors.",Pricing Discussion/Features,North America,Energy
67,"NIO introduces advanced charging solutions for Asian automotive industries.",Features/Technology,Asia,Automotive
68,"Volkswagen creates comprehensive grid integration technologies for South American technology startups.",Features/Innovation,South America,Technology
69,"Siemens develops smart battery management networks for African transportation systems.",Features/Technology,Africa,Transportation
70,"Electrify America expands charging solutions supporting European automotive markets.",Features/Expansion,Europe,Automotive
71,"Shell Recharge introduces advanced grid integration technologies for North American logistics sectors.",Features/Innovation,North America,Logistics
72,"CharIN develops standardization protocols for Asian energy ecosystems.",Security/Features,Asia,Energy
73,"Blink Network creates comprehensive charging infrastructure for South American transportation technologies.",Features/Technology,South America,Transportation
74,"EVgo launches advanced battery management solutions for African automotive industries.",Features/Innovation,Africa,Automotive
75,"Tesla Supercharger develops grid integration networks for European technology startups.",Features/Technology,Europe,Technology
76,"ChargePoint introduces cost-effective charging solutions in North American transportation markets.",Pricing Discussion/Features,North America,Transportation
77,"NIO creates advanced charging infrastructure for Asian energy sectors.",Features/Innovation,Asia,Energy
78,"Volkswagen develops comprehensive battery management technologies for South American automotive ecosystems.",Features/Technology,South America,Automotive
79,"Siemens launches smart charging networks for African technology markets.",Features/Expansion,Africa,Technology
80,"Electrify America introduces grid integration solutions supporting European logistics industries.",Features/Technology,Europe,Logistics
81,"Shell Recharge develops advanced charging technologies for North American automotive startups.",Features/Innovation,North America,Automotive
82,"CharIN establishes standardization protocols for Asian transportation ecosystems.",Security/Features,Asia,Transportation
83,"Blink Network creates comprehensive charging solutions for South American energy logistics.",Features/Technology,South America,Energy
84,"EVgo launches advanced battery management infrastructure for African technology markets.",Features/Innovation,Africa,Technology
85,"Tesla Supercharger develops grid integration networks for European automotive industries.",Features/Technology,Europe,Automotive
86,"ChargePoint introduces cost-effective charging technologies in North American energy ecosystems.",Pricing Discussion/Features,North America,Energy
87,"NIO creates advanced charging solutions for Asian transportation logistics.",Features/Innovation,Asia,Logistics
88,"Volkswagen develops comprehensive grid integration technologies for South American technology markets.",Features/Technology,South America,Technology
89,"Siemens launches smart battery management networks for African automotive industries.",Features/Expansion,Africa,Automotive
90,"Electrify America introduces charging solutions supporting European transportation startups.",Features/Technology,Europe,Transportation
91,"Shell Recharge develops advanced grid integration infrastructure for North American logistics markets.",Features/Innovation,North America,Logistics
92,"CharIN develops standardization protocols for Asian energy technology ecosystems.",Security/Features,Asia,Energy
93,"Blink Network creates comprehensive charging technologies for South American transportation networks.",Features/Technology,South America,Transportation
94,"EVgo launches advanced battery management solutions for African energy sectors.",Features/Innovation,Africa,Energy
95,"Tesla Supercharger develops grid integration networks for European technology logistics.",Features/Technology,Europe,Logistics
96,"ChargePoint introduces cost-effective charging infrastructure in North American automotive ecosystems.",Pricing Discussion/Features,North America,Automotive
97,"NIO creates advanced charging solutions for Asian technology startups.",Features/Innovation,Asia,Technology
98,"Volkswagen develops comprehensive grid integration technologies for South American energy markets.",Features/Technology,South America,Energy
99,"Siemens launches smart battery management networks for African transportation logistics.",Features/Expansion,Africa,Transportation
100,"Electrify America introduces charging solutions supporting European technology industries.",Features/Technology,Europe,Technology
101,"Tesla Supercharger network expands rapidly across North American technology sectors with unprecedented charging speed.",Features/Positive,North America,Technology
102,"ChargePoint introduces breakthrough grid integration solutions for European renewable energy companies.",Features/Innovation,Europe,Energy
103,"Rivian's charging infrastructure challenges traditional automotive models in Asia's emerging electric vehicle market.",Competition/Features,Asia,Automotive
104,"ABB develops cost-effective charging solutions transforming South American transportation logistics.",Pricing Discussion/Features,South America,Transportation
105,"NIO's smart charging network revolutionizes electric mobility in Chinese technology ecosystems.",Positive/Features,Asia,Technology
106,"Volkswagen partners with local energy providers to create comprehensive charging networks in African emerging markets.",Features/Expansion,Africa,Logistics
107,"Siemens introduces advanced battery management systems for European electric bus fleets.",Features/Technology,Europe,Transportation
108,"Electrify America expands infrastructure to support long-haul trucking routes across North American highways.",Features/Expansion,North America,Logistics
109,"Shell Recharge develops innovative charging solutions targeting North American technology startups.",Features/Innovation,North America,Technology
110,"CharIN establishes standardization protocols for electric vehicle charging in South American automotive industries.",Security/Features,South America,Automotive
111,"Tesla Supercharger network revolutionizes North American technology sector with advanced charging infrastructure.",Features/Positive,North America,Technology
112,"ChargePoint develops innovative grid integration solutions for European renewable energy companies.",Features/Innovation,Europe,Energy
113,"Rivian introduces cost-effective charging networks transforming Asian automotive markets.",Pricing Discussion/Features,Asia,Automotive
114,"ABB creates comprehensive charging solutions for South American transportation logistics.",Features/Expansion,South America,Transportation
115,"NIO launches smart charging technologies in Chinese technology ecosystems.",Features/Technology,Asia,Technology
116,"Volkswagen develops sustainable charging networks for African emerging markets.",Features/Innovation,Africa,Logistics
117,"Siemens introduces advanced battery management systems for European electric bus fleets.",Features/Technology,Europe,Transportation
118,"Electrify America expands infrastructure supporting North American long-haul trucking routes.",Expansion/Features,North America,Logistics
119,"Shell Recharge develops cutting-edge charging solutions for technology startups.",Features/Innovation,North America,Technology
120,"CharIN establishes standardization protocols for South American automotive industries.",Security/Features,South America,Automotive
121,"Blink Network introduces revolutionary charging infrastructure for European transportation sectors.",Features/Technology,Europe,Transportation
122,"EVgo develops grid integration technologies for North American energy markets.",Features/Innovation,North America,Energy
123,"Tesla Supercharger creates advanced battery management solutions for Asian logistics.",Features/Technology,Asia,Logistics
124,"ChargePoint launches affordable charging networks in South American technology markets.",Pricing Discussion/Features,South America,Technology
125,"NIO develops comprehensive electric vehicle charging ecosystems in African emerging markets.",Features/Expansion,Africa,Automotive
126,"Volkswagen partners with regional providers to create sustainable charging solutions.",Features/Innovation,Europe,Energy
127,"Siemens introduces smart charging technologies for North American transportation systems.",Features/Technology,North America,Transportation
128,"Electrify America develops cost-effective charging infrastructure for Asian automotive industries.",Pricing Discussion/Features,Asia,Automotive
129,"ABB creates advanced grid integration solutions for South American energy sectors.",Features/Technology,South America,Energy
130,"Shell Recharge expands charging networks supporting European technology ecosystems.",Features/Expansion,Europe,Technology
131,"CharIN develops standardization protocols for North American electric vehicle markets.",Security/Features,North America,Automotive
132,"Blink Network introduces innovative charging solutions for African transportation logistics.",Features/Innovation,Africa,Transportation
133,"EVgo creates advanced battery management systems for Asian technology startups.",Features/Technology,Asia,Technology
134,"Tesla Supercharger launches comprehensive charging networks in South American markets.",Features/Expansion,South America,Logistics
135,"ChargePoint develops grid integration technologies for European energy sectors.",Features/Innovation,Europe,Energy
136,"Rivian introduces cost-effective charging infrastructure for North American automotive industries.",Pricing Discussion/Features,North America,Automotive
137,"NIO creates smart charging solutions for African technology ecosystems.",Features/Technology,Africa,Technology
138,"Volkswagen develops advanced charging networks for Asian transportation logistics.",Features/Innovation,Asia,Logistics
139,"Siemens introduces comprehensive battery management systems for South American electric bus fleets.",Features/Technology,South America,Transportation
140,"Electrify America expands charging infrastructure supporting European technology markets.",Features/Expansion,Europe,Technology
141,"Shell Recharge develops cutting-edge charging solutions for North American energy sectors.",Features/Innovation,North America,Energy
142,"CharIN establishes standardization protocols for Asian automotive industries.",Security/Features,Asia,Automotive
143,"Blink Network introduces revolutionary charging technologies for African transportation systems.",Features/Technology,Africa,Transportation
144,"EVgo creates advanced grid integration solutions for South American technology startups.",Features/Innovation,South America,Technology
145,"Tesla Supercharger launches affordable charging networks in European markets.",Pricing Discussion/Features,Europe,Logistics
146,"ChargePoint develops comprehensive charging ecosystems for North American automotive industries.",Features/Expansion,North America,Automotive
147,"NIO introduces smart battery management technologies for Asian energy sectors.",Features/Technology,Asia,Energy
148,"Volkswagen creates advanced charging infrastructure for South American transportation logistics.",Features/Innovation,South America,Transportation
149,"Siemens develops cost-effective charging solutions for African technology markets.",Pricing Discussion/Features,Africa,Technology
150,"Electrify America introduces comprehensive grid integration technologies for European electric vehicle networks.",Features/Technology,Europe,Automotive
151,"Shell Recharge expands charging networks supporting North American logistics sectors.",Features/Expansion,North America,Logistics
152,"CharIN develops standardization protocols for Asian energy ecosystems.",Security/Features,Asia,Energy
153,"Blink Network creates advanced charging solutions for South American technology startups.",Features/Innovation,South America,Technology
154,"EVgo introduces comprehensive battery management systems for African transportation industries.",Features/Technology,Africa,Transportation
155,"Tesla Supercharger develops grid integration technologies for European automotive markets.",Features/Innovation,Europe,Automotive
156,"ChargePoint launches cost-effective charging networks in North American energy sectors.",Pricing Discussion/Features,North America,Energy
157,"NIO creates advanced charging infrastructure for Asian transportation logistics.",Features/Technology,Asia,Logistics
158,"Volkswagen introduces smart battery management solutions for South American technology ecosystems.",Features/Technology,South America,Technology
159,"Siemens develops comprehensive charging networks for African automotive industries.",Features/Expansion,Africa,Automotive
160,"Electrify America creates innovative grid integration solutions for European transportation systems.",Features/Innovation,Europe,Transportation
161,"Hyundai develops innovative battery swapping technologies for Southeast Asian mobility ecosystems.",Features/Innovation,Asia,Transportation
162,"Ford creates comprehensive grid integration solutions for North American renewable energy markets.",Features/Technology,North America,Energy
163,"BP Chargers launches cost-effective charging networks in European automotive industries.",Pricing Discussion/Features,Europe,Automotive
164,"Lucid Motors introduces advanced charging infrastructure for African technology startups.",Features/Expansion,Africa,Technology
165,"General Motors develops smart battery management systems for South American logistics sectors.",Features/Technology,South America,Logistics
166,"Porsche creates standardization protocols for Asian electric vehicle charging networks.",Security/Features,Asia,Automotive
167,"BMW introduces grid integration technologies supporting North American energy ecosystems.",Features/Innovation,North America,Energy
168,"Rimac develops comprehensive charging solutions for European transportation logistics.",Features/Expansion,Europe,Transportation
169,"Xpeng launches smart charging technologies in African technology markets.",Features/Technology,Africa,Technology
170,"Kia creates advanced charging networks for South American automotive industries.",Features/Innovation,South America,Automotive
171,"Stellantis introduces cost-effective grid integration infrastructure for Asian energy sectors.",Pricing Discussion/Features,Asia,Energy
172,"Jaguar develops smart battery management solutions for North American logistics technologies.",Features/Technology,North America,Logistics
173,"Polestar creates comprehensive charging ecosystems for European technology startups.",Features/Expansion,Europe,Technology
174,"Great Wall Motors launches innovative charging networks in African transportation systems.",Features/Innovation,Africa,Transportation
175,"Tata Motors develops advanced grid integration technologies for South American energy markets.",Features/Technology,South America,Energy
176,"Waymo introduces standardization protocols for Asian technology ecosystems.",Security/Features,Asia,Technology
177,"Nikola Corporation creates cost-effective charging infrastructure for North American automotive industries.",Pricing Discussion/Features,North America,Automotive
178,"Renault develops smart charging solutions for European logistics networks.",Features/Technology,Europe,Logistics
179,"NIO Power launches advanced battery management technologies in African energy sectors.",Features/Innovation,Africa,Energy
180,"Rivian expands comprehensive charging networks across South American transportation technologies.",Features/Expansion,South America,Transportation
181,"CATL introduces innovative grid integration solutions for Asian technology markets.",Features/Technology,Asia,Technology
182,"Lightning eMotors develops cost-effective charging infrastructure for North American energy ecosystems.",Pricing Discussion/Features,North America,Energy
183,"Arrival creates smart charging technologies for European automotive industries.",Features/Innovation,Europe,Automotive
184,"BYD launches comprehensive battery management networks in African logistics sectors.",Features/Technology,Africa,Logistics
185,"Proterra introduces advanced charging solutions for South American transportation startups.",Features/Expansion,South America,Transportation
186,"Lucid Air develops standardization protocols for Asian energy markets.",Security/Features,Asia,Energy
187,"Canoo creates innovative grid integration technologies for North American technology ecosystems.",Features/Innovation,North America,Technology
188,"Fisker introduces cost-effective charging networks in European logistics systems.",Pricing Discussion/Features,Europe,Logistics
189,"WM Motor develops smart charging infrastructure for African automotive technologies.",Features/Technology,Africa,Automotive
190,"Nio Power creates comprehensive grid integration solutions for South American energy networks.",Features/Innovation,South America,Energy
191,"Zero Motorcycles launches advanced battery management technologies in North American transportation sectors.",Features/Technology,North America,Transportation
192,"ORA introduces smart charging ecosystems for Asian technology startups.",Features/Technology,Asia,Technology
193,"Lordstown Motors develops cost-effective charging networks in European energy markets.",Pricing Discussion/Features,Europe,Energy
194,"Rivian Automotive creates comprehensive charging infrastructure for African logistics technologies.",Features/Expansion,Africa,Logistics
195,"Vinfast introduces advanced grid integration solutions for South American automotive industries.",Features/Technology,South America,Automotive
196,"SK Innovation develops smart battery management networks in North American technology ecosystems.",Features/Innovation,North America,Technology
197,"Faraday Future launches standardization protocols for Asian transportation systems.",Security/Features,Asia,Transportation
198,"Arrival creates innovative charging solutions for European energy startups.",Features/Technology,Europe,Energy
199,"Li Auto introduces comprehensive charging networks in African technology markets.",Features/Expansion,Africa,Technology
200,"Workhorse Group develops advanced grid integration technologies for South American logistics sectors.",Features/Technology,South America,Logistics